[{"BARRIO":"20 DE JULIO","COMUNA":"04","LOCALIDAD":"SAN CRISTOBAL"},
{"BARRIO":"A.S.D.","COMUNA":"08","LOCALIDAD":"KENNEDY"},
{"BARRIO":"A.S.D.","COMUNA":"05","LOCALIDAD":"USME"},
{"BARRIO":"ABRAHAM LINCOLN","COMUNA":"06","LOCALIDAD":"TUNJUELITO"},
{"BARRIO":"ACACIAS USAQUEN","COMUNA":"01","LOCALIDAD":"USAQUEN"},
{"BARRIO":"ACEVEDO TEJADA","COMUNA":"13","LOCALIDAD":"TEUSAQUILLO"},
{"BARRIO":"AEROPUERTO EL DORADO","COMUNA":"09","LOCALIDAD":"FONTIBON"},
{"BARRIO":"ALAMOS NORTE","COMUNA":"10","LOCALIDAD":"ENGATIVA"},
{"BARRIO":"ALCALA","COMUNA":"16","LOCALIDAD":"PUENTE ARANDA"},
{"BARRIO":"ALCAZARES","COMUNA":"12","LOCALIDAD":"BARRIOS UNIDOS"},
{"BARRIO":"ALCAZARES NORTE","COMUNA":"12","LOCALIDAD":"BARRIOS UNIDOS"},
{"BARRIO":"ALFONSO LOPEZ","COMUNA":"05","LOCALIDAD":"USME"},
{"BARRIO":"ALFONSO LOPEZ","COMUNA":"13","LOCALIDAD":"TEUSAQUILLO"},
{"BARRIO":"ALQUERIA","COMUNA":"08","LOCALIDAD":"KENNEDY"},
{"BARRIO":"ALQUERIA LA FRAGUA","COMUNA":"08","LOCALIDAD":"KENNEDY"},
{"BARRIO":"ALTAMIRA","COMUNA":"04","LOCALIDAD":"SAN CRISTOBAL"},
{"BARRIO":"ALTOS DE SUBA","COMUNA":"11","LOCALIDAD":"SUBA"},
{"BARRIO":"ALTOS DEL POBLADO","COMUNA":"04","LOCALIDAD":"SAN CRISTOBAL"},
{"BARRIO":"ALTOS DEL ZUQUE","COMUNA":"04","LOCALIDAD":"SAN CRISTOBAL"},
{"BARRIO":"ANDALUCIA II","COMUNA":"07","LOCALIDAD":"BOSA"},
{"BARRIO":"ANTIGUO COUNTRY","COMUNA":"02","LOCALIDAD":"CHAPINERO"},
{"BARRIO":"ANTONIA SANTOS","COMUNA":"07","LOCALIDAD":"BOSA"},
{"BARRIO":"ARBORIZADORA BAJA","COMUNA":"19","LOCALIDAD":"CIUDAD BOLIVAR"},
{"BARRIO":"AREA ARTILLERIA","COMUNA":"06","LOCALIDAD":"TUNJUELITO"},
{"BARRIO":"ARMENIA","COMUNA":"13","LOCALIDAD":"TEUSAQUILLO"},
{"BARRIO":"ARRAYANES","COMUNA":"05","LOCALIDAD":"USME"},
{"BARRIO":"ATAHUALPA","COMUNA":"09","LOCALIDAD":"FONTIBON"},
{"BARRIO":"ATENAS","COMUNA":"04","LOCALIDAD":"SAN CRISTOBAL"},
{"BARRIO":"ATENAS","COMUNA":"11","LOCALIDAD":"SUBA"},
{"BARRIO":"ATLANTA","COMUNA":"19","LOCALIDAD":"CIUDAD BOLIVAR"},
{"BARRIO":"AURES","COMUNA":"11","LOCALIDAD":"SUBA"},
{"BARRIO":"AURES II","COMUNA":"11","LOCALIDAD":"SUBA"},
{"BARRIO":"AUTOPISTA DEL SUR","COMUNA":"16","LOCALIDAD":"PUENTE ARANDA"},
{"BARRIO":"AUTOPISTA MEDELLIN","COMUNA":"10","LOCALIDAD":"ENGATIVA"},
{"BARRIO":"AUTOPISTA MUZU","COMUNA":"16","LOCALIDAD":"PUENTE ARANDA"},
{"BARRIO":"AUTOPISTA MUZU 0RIENTAL","COMUNA":"16","LOCALIDAD":"PUENTE ARANDA"},
{"BARRIO":"BANCO CENTRAL","COMUNA":"13","LOCALIDAD":"TEUSAQUILLO"},
{"BARRIO":"BAQUERO","COMUNA":"12","LOCALIDAD":"BARRIOS UNIDOS"},
{"BARRIO":"BARCELONA","COMUNA":"16","LOCALIDAD":"PUENTE ARANDA"},
{"BARRIO":"BARCELONA SUR","COMUNA":"04","LOCALIDAD":"SAN CRISTOBAL"},
{"BARRIO":"BARLOVENTO","COMUNA":"19","LOCALIDAD":"CIUDAD BOLIVAR"},
{"BARRIO":"BARRANCAS","COMUNA":"01","LOCALIDAD":"USAQUEN"},
{"BARRIO":"BARRANCAS NORTE","COMUNA":"01","LOCALIDAD":"USAQUEN"},
{"BARRIO":"BARRANQUILLITA","COMUNA":"05","LOCALIDAD":"USME"},
{"BARRIO":"BATALLON CALDAS","COMUNA":"16","LOCALIDAD":"PUENTE ARANDA"},
{"BARRIO":"BAVARIA","COMUNA":"08","LOCALIDAD":"KENNEDY"},
{"BARRIO":"BELALCAZAR","COMUNA":"13","LOCALIDAD":"TEUSAQUILLO"},
{"BARRIO":"BELEN","COMUNA":"17","LOCALIDAD":"CANDELARIA"},
{"BARRIO":"BELEN FONTIBON","COMUNA":"09","LOCALIDAD":"FONTIBON"},
{"BARRIO":"BELLA FLOR","COMUNA":"19","LOCALIDAD":"CIUDAD BOLIVAR"},
{"BARRIO":"BELLA FLOR SUR","COMUNA":"19","LOCALIDAD":"CIUDAD BOLIVAR"},
{"BARRIO":"BELLA SUIZA","COMUNA":"01","LOCALIDAD":"USAQUEN"},
{"BARRIO":"BELLAVISTA","COMUNA":"02","LOCALIDAD":"CHAPINERO"},
{"BARRIO":"BELLAVISTA","COMUNA":"19","LOCALIDAD":"CIUDAD BOLIVAR"},
{"BARRIO":"BELLAVISTA LUCERO ALTO","COMUNA":"19","LOCALIDAD":"CIUDAD BOLIVAR"},
{"BARRIO":"BELLAVISTA OCCIDENTAL","COMUNA":"10","LOCALIDAD":"ENGATIVA"},
{"BARRIO":"BELLAVISTA SUR","COMUNA":"04","LOCALIDAD":"SAN CRISTOBAL"},
{"BARRIO":"BELLO HORIZONTE","COMUNA":"04","LOCALIDAD":"SAN CRISTOBAL"},
{"BARRIO":"BENJAMIN HERRERA","COMUNA":"12","LOCALIDAD":"BARRIOS UNIDOS"},
{"BARRIO":"BETANIA","COMUNA":"07","LOCALIDAD":"BOSA"},
{"BARRIO":"BOCHICA","COMUNA":"10","LOCALIDAD":"ENGATIVA"},
{"BARRIO":"BOCHICA","COMUNA":"16","LOCALIDAD":"PUENTE ARANDA"},
{"BARRIO":"BOCHICA II","COMUNA":"10","LOCALIDAD":"ENGATIVA"},
{"BARRIO":"BOITA","COMUNA":"08","LOCALIDAD":"KENNEDY"},
{"BARRIO":"BOLIVIA","COMUNA":"10","LOCALIDAD":"ENGATIVA"},
{"BARRIO":"BOLIVIA","COMUNA":"10","LOCALIDAD":"ENGATIVA"},
{"BARRIO":"BOLIVIA ORIENTAL","COMUNA":"10","LOCALIDAD":"ENGATIVA"},
{"BARRIO":"BOLONIA","COMUNA":"05","LOCALIDAD":"USME"},
{"BARRIO":"BONANZA","COMUNA":"10","LOCALIDAD":"ENGATIVA"},
{"BARRIO":"BOSA","COMUNA":"07","LOCALIDAD":"BOSA"},
{"BARRIO":"BOSA NOVA","COMUNA":"07","LOCALIDAD":"BOSA"},
{"BARRIO":"BOSANOVA","COMUNA":"07","LOCALIDAD":"BOSA"},
{"BARRIO":"BOSQUE CALDERON","COMUNA":"02","LOCALIDAD":"CHAPINERO"},
{"BARRIO":"BOSQUE DE MODELIA","COMUNA":"09","LOCALIDAD":"FONTIBON"},
{"BARRIO":"BOSQUE DE PINOS","COMUNA":"01","LOCALIDAD":"USAQUEN"},
{"BARRIO":"BOSQUE IZQUIERDO","COMUNA":"03","LOCALIDAD":"SANTA FE"},
{"BARRIO":"BOSQUE POPULAR","COMUNA":"10","LOCALIDAD":"ENGATIVA"},
{"BARRIO":"BOSQUES DE SAN JORGE","COMUNA":"11","LOCALIDAD":"SUBA"},
{"BARRIO":"BOYACA","COMUNA":"10","LOCALIDAD":"ENGATIVA"},
{"BARRIO":"BRASIL","COMUNA":"07","LOCALIDAD":"BOSA"},
{"BARRIO":"BRASIL","COMUNA":"07","LOCALIDAD":"BOSA"},
{"BARRIO":"BRASILIA","COMUNA":"07","LOCALIDAD":"BOSA"},
{"BARRIO":"BRAVO PAEZ","COMUNA":"18","LOCALIDAD":"RAFAEL URIBE"},
{"BARRIO":"BRISAS","COMUNA":"19","LOCALIDAD":"CIUDAD BOLIVAR"},
{"BARRIO":"BRISAS ALDEA-FONTIBON","COMUNA":"09","LOCALIDAD":"FONTIBON"},
{"BARRIO":"BRITALIA","COMUNA":"11","LOCALIDAD":"SUBA"},
{"BARRIO":"BUENAVISTA","COMUNA":"01","LOCALIDAD":"USAQUEN"},
{"BARRIO":"BUENOS AIRES","COMUNA":"04","LOCALIDAD":"SAN CRISTOBAL"},
{"BARRIO":"CALANDAIMA","COMUNA":"08","LOCALIDAD":"KENNEDY"},
{"BARRIO":"CALLEJON DE SANTA BARBARA","COMUNA":"18","LOCALIDAD":"RAFAEL URIBE"},
{"BARRIO":"CALVO SUR","COMUNA":"04","LOCALIDAD":"SAN CRISTOBAL"},
{"BARRIO":"CAMPANELA","COMUNA":"11","LOCALIDAD":"SUBA"},
{"BARRIO":"CAMPIN OCCIDENTAL","COMUNA":"13","LOCALIDAD":"TEUSAQUILLO"},
{"BARRIO":"CAMPO ALEGRE","COMUNA":"08","LOCALIDAD":"KENNEDY"},
{"BARRIO":"CAMPOHERMOSO","COMUNA":"08","LOCALIDAD":"KENNEDY"},
{"BARRIO":"CANADA O GUIRA","COMUNA":"04","LOCALIDAD":"SAN CRISTOBAL"},
{"BARRIO":"CANAIMA","COMUNA":"01","LOCALIDAD":"USAQUEN"},
{"BARRIO":"CANAVERALEJO","COMUNA":"07","LOCALIDAD":"BOSA"},
{"BARRIO":"CANDELARIA LA NUEVA","COMUNA":"19","LOCALIDAD":"CIUDAD BOLIVAR"},
{"BARRIO":"CANODROMO","COMUNA":"11","LOCALIDAD":"SUBA"},
{"BARRIO":"CANTAGALLO","COMUNA":"11","LOCALIDAD":"SUBA"},
{"BARRIO":"CAOBOS SALAZAR","COMUNA":"01","LOCALIDAD":"USAQUEN"},
{"BARRIO":"CAPELLANIA","COMUNA":"09","LOCALIDAD":"FONTIBON"},
{"BARRIO":"CARACAS","COMUNA":"15","LOCALIDAD":"ANTONIO NARINO"},
{"BARRIO":"CASA BLANCA","COMUNA":"11","LOCALIDAD":"SUBA"},
{"BARRIO":"CASA DE TEJA","COMUNA":"19","LOCALIDAD":"CIUDAD BOLIVAR"},
{"BARRIO":"CASABLANCA","COMUNA":"08","LOCALIDAD":"KENNEDY"},
{"BARRIO":"CASABLANCA","COMUNA":"08","LOCALIDAD":"KENNEDY"},
{"BARRIO":"CASABLANCA SUBA","COMUNA":"11","LOCALIDAD":"SUBA"},
{"BARRIO":"CASALOMA","COMUNA":"19","LOCALIDAD":"CIUDAD BOLIVAR"},
{"BARRIO":"CASTILLA","COMUNA":"08","LOCALIDAD":"KENNEDY"},
{"BARRIO":"CATALINA","COMUNA":"08","LOCALIDAD":"KENNEDY"},
{"BARRIO":"CATALINA II","COMUNA":"08","LOCALIDAD":"KENNEDY"},
{"BARRIO":"CATALUNA","COMUNA":"02","LOCALIDAD":"CHAPINERO"},
{"BARRIO":"CEDRITOS","COMUNA":"01","LOCALIDAD":"USAQUEN"},
{"BARRIO":"CEDRO NARVAEZ","COMUNA":"01","LOCALIDAD":"USAQUEN"},
{"BARRIO":"CEDRO SALAZAR","COMUNA":"01","LOCALIDAD":"USAQUEN"},
{"BARRIO":"CENTENARIO","COMUNA":"18","LOCALIDAD":"RAFAEL URIBE"},
{"BARRIO":"CENTRO ADMINISTRATIVO","COMUNA":"17","LOCALIDAD":"CANDELARIA"},
{"BARRIO":"CENTRO ENGATIVA","COMUNA":"10","LOCALIDAD":"ENGATIVA"},
{"BARRIO":"CENTRO FONTIBON","COMUNA":"09","LOCALIDAD":"FONTIBON"},
{"BARRIO":"CENTRO INDUSTRIAL","COMUNA":"16","LOCALIDAD":"PUENTE ARANDA"},
{"BARRIO":"CENTRO NARINO","COMUNA":"13","LOCALIDAD":"TEUSAQUILLO"},
{"BARRIO":"CENTRO USME","COMUNA":"05","LOCALIDAD":"USME"},
{"BARRIO":"CERROS","COMUNA":"03","LOCALIDAD":"SANTA FE"},
{"BARRIO":"CERROS DE ORIENTE","COMUNA":"18","LOCALIDAD":"RAFAEL URIBE"},
{"BARRIO":"CHAPINERO CENTRAL","COMUNA":"02","LOCALIDAD":"CHAPINERO"},
{"BARRIO":"CHAPINERO NORTE","COMUNA":"02","LOCALIDAD":"CHAPINERO"},
{"BARRIO":"CHAPINERO SUR OCCIDENTAL","COMUNA":"13","LOCALIDAD":"TEUSAQUILLO"},
{"BARRIO":"CHARALA","COMUNA":"05","LOCALIDAD":"USME"},
{"BARRIO":"CHARLES DE GAULLE","COMUNA":"07","LOCALIDAD":"BOSA"},
{"BARRIO":"CHICALA","COMUNA":"07","LOCALIDAD":"BOSA"},
{"BARRIO":"CHICO","COMUNA":"02","LOCALIDAD":"CHAPINERO"},
{"BARRIO":"CHICO NORTE","COMUNA":"02","LOCALIDAD":"CHAPINERO"},
{"BARRIO":"CHICO NORTE II","COMUNA":"02","LOCALIDAD":"CHAPINERO"},
{"BARRIO":"CHICO NORTE III","COMUNA":"02","LOCALIDAD":"CHAPINERO"},
{"BARRIO":"CHICO SUR","COMUNA":"07","LOCALIDAD":"BOSA"},
{"BARRIO":"CHUCUA DE LA VACA","COMUNA":"08","LOCALIDAD":"KENNEDY"},
{"BARRIO":"CHUNIZA","COMUNA":"05","LOCALIDAD":"USME"},
{"BARRIO":"CIUD. KENNEDY OCCIDENTAL","COMUNA":"08","LOCALIDAD":"KENNEDY"},
{"BARRIO":"CIUD. SALITRE NOR-ORIENTA","COMUNA":"13","LOCALIDAD":"TEUSAQUILLO"},
{"BARRIO":"CIUD. SALITRE OCCIDENTAL","COMUNA":"09","LOCALIDAD":"FONTIBON"},
{"BARRIO":"CIUD. SALITRE SUR-ORIENTA","COMUNA":"13","LOCALIDAD":"TEUSAQUILLO"},
{"BARRIO":"CIUDAD BACHUE","COMUNA":"10","LOCALIDAD":"ENGATIVA"},
{"BARRIO":"CIUDAD BACHUE I","COMUNA":"10","LOCALIDAD":"ENGATIVA"},
{"BARRIO":"CIUDAD BERNA","COMUNA":"15","LOCALIDAD":"ANTONIO NARINO"},
{"BARRIO":"CIUDAD BOLIVAR","COMUNA":"19","LOCALIDAD":"CIUDAD BOLIVAR"},
{"BARRIO":"CIUDAD DE CALI","COMUNA":"08","LOCALIDAD":"KENNEDY"},
{"BARRIO":"CIUDAD HUNZA","COMUNA":"11","LOCALIDAD":"SUBA"},
{"BARRIO":"CIUDAD JARDIN NORTE","COMUNA":"11","LOCALIDAD":"SUBA"},
{"BARRIO":"CIUDAD JARDIN SUR","COMUNA":"15","LOCALIDAD":"ANTONIO NARINO"},
{"BARRIO":"CIUDAD KENNEDY","COMUNA":"08","LOCALIDAD":"KENNEDY"},
{"BARRIO":"CIUDAD KENNEDY CENTRAL","COMUNA":"08","LOCALIDAD":"KENNEDY"},
{"BARRIO":"CIUDAD KENNEDY NORTE","COMUNA":"08","LOCALIDAD":"KENNEDY"},
{"BARRIO":"CIUDAD KENNEDY ORIENTAL","COMUNA":"08","LOCALIDAD":"KENNEDY"},
{"BARRIO":"CIUDAD KENNEDY SUR","COMUNA":"08","LOCALIDAD":"KENNEDY"},
{"BARRIO":"CIUDAD MONTES","COMUNA":"16","LOCALIDAD":"PUENTE ARANDA"},
{"BARRIO":"CIUDAD UNIVERSITARIA","COMUNA":"13","LOCALIDAD":"TEUSAQUILLO"},
{"BARRIO":"CIUDADELA COLSUBSIDIO","COMUNA":"10","LOCALIDAD":"ENGATIVA"},
{"BARRIO":"CLARET","COMUNA":"18","LOCALIDAD":"RAFAEL URIBE"},
{"BARRIO":"CLASS","COMUNA":"08","LOCALIDAD":"KENNEDY"},
{"BARRIO":"CLUB LOS LAGARTOS","COMUNA":"11","LOCALIDAD":"SUBA"},
{"BARRIO":"COLOMBIA","COMUNA":"12","LOCALIDAD":"BARRIOS UNIDOS"},
{"BARRIO":"COLON","COMUNA":"16","LOCALIDAD":"PUENTE ARANDA"},
{"BARRIO":"COLSEGUROS","COMUNA":"14","LOCALIDAD":"LOS MARTIRES"},
{"BARRIO":"COMPARTIR","COMUNA":"19","LOCALIDAD":"CIUDAD BOLIVAR"},
{"BARRIO":"COMUNEROS","COMUNA":"05","LOCALIDAD":"USME"},
{"BARRIO":"COMUNEROS","COMUNA":"16","LOCALIDAD":"PUENTE ARANDA"},
{"BARRIO":"CONCEPCION NORTE","COMUNA":"12","LOCALIDAD":"BARRIOS UNIDOS"},
{"BARRIO":"CONEJERA","COMUNA":"11","LOCALIDAD":"SUBA"},
{"BARRIO":"CONEJERA","COMUNA":"11","LOCALIDAD":"SUBA"},
{"BARRIO":"COOP. DE SUB-OFICIALES","COMUNA":"08","LOCALIDAD":"KENNEDY"},
{"BARRIO":"CORABASTOS","COMUNA":"08","LOCALIDAD":"KENNEDY"},
{"BARRIO":"CORDILLERA SUR","COMUNA":"19","LOCALIDAD":"CIUDAD BOLIVAR"},
{"BARRIO":"CORDOBA","COMUNA":"04","LOCALIDAD":"SAN CRISTOBAL"},
{"BARRIO":"CORUNA","COMUNA":"19","LOCALIDAD":"CIUDAD BOLIVAR"},
{"BARRIO":"COSTA AZUL","COMUNA":"11","LOCALIDAD":"SUBA"},
{"BARRIO":"COUNTRY CLUB","COMUNA":"01","LOCALIDAD":"USAQUEN"},
{"BARRIO":"CT.NORTE KM 23","COMUNA":"01","LOCALIDAD":"USAQUEN"},
{"BARRIO":"CTRO ADMIVO. OCCIDENTE","COMUNA":"13","LOCALIDAD":"TEUSAQUILLO"},
{"BARRIO":"CUNDINAMARCA","COMUNA":"16","LOCALIDAD":"PUENTE ARANDA"},
{"BARRIO":"DANUBIO","COMUNA":"05","LOCALIDAD":"USME"},
{"BARRIO":"DESARROLLO BARSUELOS","COMUNA":"05","LOCALIDAD":"USME"},
{"BARRIO":"DESARROLLO PUERTO RICO","COMUNA":"18","LOCALIDAD":"RAFAEL URIBE"},
{"BARRIO":"DIANA TURBAY","COMUNA":"18","LOCALIDAD":"RAFAEL URIBE"},
{"BARRIO":"DIANA TURBAY CULTIVOS","COMUNA":"18","LOCALIDAD":"RAFAEL URIBE"},
{"BARRIO":"DINDALITO","COMUNA":"08","LOCALIDAD":"KENNEDY"},
{"BARRIO":"DINDALITO","COMUNA":"08","LOCALIDAD":"KENNEDY"},
{"BARRIO":"DIVINO NIÐO - QUIBA","COMUNA":"19","LOCALIDAD":"CIUDAD BOLIVAR"},
{"BARRIO":"DIVISION DE TIBABUYES OCC","COMUNA":"11","LOCALIDAD":"SUBA"},
{"BARRIO":"DIVISION MONTERREY","COMUNA":"08","LOCALIDAD":"KENNEDY"},
{"BARRIO":"DIVISION PICOTA","COMUNA":"18","LOCALIDAD":"RAFAEL URIBE"},
{"BARRIO":"DOCE DE OCTUBRE","COMUNA":"12","LOCALIDAD":"BARRIOS UNIDOS"},
{"BARRIO":"DUITAMA","COMUNA":"05","LOCALIDAD":"USME"},
{"BARRIO":"EDUARDO FREI","COMUNA":"15","LOCALIDAD":"ANTONIO NARINO"},
{"BARRIO":"EDUARDO SANTOS","COMUNA":"14","LOCALIDAD":"LOS MARTIRES"},
{"BARRIO":"EGIPTO","COMUNA":"17","LOCALIDAD":"CANDELARIA"},
{"BARRIO":"EL BATAN","COMUNA":"11","LOCALIDAD":"SUBA"},
{"BARRIO":"EL BOSQUE","COMUNA":"05","LOCALIDAD":"USME"},
{"BARRIO":"EL CAMPIN","COMUNA":"13","LOCALIDAD":"TEUSAQUILLO"},
{"BARRIO":"EL CAPITOLIO","COMUNA":"11","LOCALIDAD":"SUBA"},
{"BARRIO":"EL CARMEN","COMUNA":"06","LOCALIDAD":"TUNJUELITO"},
{"BARRIO":"EL CARMEN FONTIBON","COMUNA":"09","LOCALIDAD":"FONTIBON"},
{"BARRIO":"EL CEDRO","COMUNA":"10","LOCALIDAD":"ENGATIVA"},
{"BARRIO":"EL CEDRO A.S.D.","COMUNA":"10","LOCALIDAD":"ENGATIVA"},
{"BARRIO":"EL CEREZO","COMUNA":"01","LOCALIDAD":"USAQUEN"},
{"BARRIO":"EL CHANCO","COMUNA":"09","LOCALIDAD":"FONTIBON"},
{"BARRIO":"EL CHILCAL","COMUNA":"19","LOCALIDAD":"CIUDAD BOLIVAR"},
{"BARRIO":"EL CODITO","COMUNA":"01","LOCALIDAD":"USAQUEN"},
{"BARRIO":"EL CONTADOR","COMUNA":"01","LOCALIDAD":"USAQUEN"},
{"BARRIO":"EL CORTIJO","COMUNA":"10","LOCALIDAD":"ENGATIVA"},
{"BARRIO":"EL CORZO","COMUNA":"07","LOCALIDAD":"BOSA"},
{"BARRIO":"EL DORADO","COMUNA":"03","LOCALIDAD":"SANTA FE"},
{"BARRIO":"EL DORADO","COMUNA":"10","LOCALIDAD":"ENGATIVA"},
{"BARRIO":"EL EJIDO","COMUNA":"16","LOCALIDAD":"PUENTE ARANDA"},
{"BARRIO":"EL ENCANTO","COMUNA":"10","LOCALIDAD":"ENGATIVA"},
{"BARRIO":"EL ENSUENO","COMUNA":"19","LOCALIDAD":"CIUDAD BOLIVAR"},
{"BARRIO":"EL ESPARTILLAL","COMUNA":"02","LOCALIDAD":"CHAPINERO"},
{"BARRIO":"EL ESPINO","COMUNA":"19","LOCALIDAD":"CIUDAD BOLIVAR"},
{"BARRIO":"EL GUAVIO","COMUNA":"03","LOCALIDAD":"SANTA FE"},
{"BARRIO":"EL JAZMIN","COMUNA":"08","LOCALIDAD":"KENNEDY"},
{"BARRIO":"EL LAUREL","COMUNA":"10","LOCALIDAD":"ENGATIVA"},
{"BARRIO":"EL LISTON","COMUNA":"14","LOCALIDAD":"LOS MARTIRES"},
{"BARRIO":"EL MADRIGAL","COMUNA":"10","LOCALIDAD":"ENGATIVA"},
{"BARRIO":"EL MIRADOR","COMUNA":"19","LOCALIDAD":"CIUDAD BOLIVAR"},
{"BARRIO":"EL MOCHUELO","COMUNA":"19","LOCALIDAD":"CIUDAD BOLIVAR"},
{"BARRIO":"EL MOCHUELO ORIENTAL","COMUNA":"19","LOCALIDAD":"CIUDAD BOLIVAR"},
{"BARRIO":"EL MUELLE","COMUNA":"10","LOCALIDAD":"ENGATIVA"},
{"BARRIO":"EL NOGAL","COMUNA":"02","LOCALIDAD":"CHAPINERO"},
{"BARRIO":"EL PARAISO","COMUNA":"02","LOCALIDAD":"CHAPINERO"},
{"BARRIO":"EL PARAISO","COMUNA":"04","LOCALIDAD":"SAN CRISTOBAL"},
{"BARRIO":"EL PARAISO","COMUNA":"08","LOCALIDAD":"KENNEDY"},
{"BARRIO":"EL PENON DEL CORTIJO","COMUNA":"19","LOCALIDAD":"CIUDAD BOLIVAR"},
{"BARRIO":"EL PINAR","COMUNA":"04","LOCALIDAD":"SAN CRISTOBAL"},
{"BARRIO":"EL PINO","COMUNA":"11","LOCALIDAD":"SUBA"},
{"BARRIO":"EL PITE","COMUNA":"01","LOCALIDAD":"USAQUEN"},
{"BARRIO":"EL PLAN","COMUNA":"11","LOCALIDAD":"SUBA"},
{"BARRIO":"EL PLAYON","COMUNA":"18","LOCALIDAD":"RAFAEL URIBE"},
{"BARRIO":"EL POA","COMUNA":"11","LOCALIDAD":"SUBA"},
{"BARRIO":"EL PORTAL","COMUNA":"05","LOCALIDAD":"USME"},
{"BARRIO":"EL PORVENIR","COMUNA":"07","LOCALIDAD":"BOSA"},
{"BARRIO":"EL PORVENIR","COMUNA":"19","LOCALIDAD":"CIUDAD BOLIVAR"},
{"BARRIO":"EL PROGRESO","COMUNA":"14","LOCALIDAD":"LOS MARTIRES"},
{"BARRIO":"EL REAL","COMUNA":"10","LOCALIDAD":"ENGATIVA"},
{"BARRIO":"EL RECUERDO","COMUNA":"13","LOCALIDAD":"TEUSAQUILLO"},
{"BARRIO":"EL REDIL","COMUNA":"01","LOCALIDAD":"USAQUEN"},
{"BARRIO":"EL REFUGIO","COMUNA":"02","LOCALIDAD":"CHAPINERO"},
{"BARRIO":"EL REFUGIO-LA ZELFITA","COMUNA":"09","LOCALIDAD":"FONTIBON"},
{"BARRIO":"EL REMANSO","COMUNA":"07","LOCALIDAD":"BOSA"},
{"BARRIO":"EL RETAZO","COMUNA":"07","LOCALIDAD":"BOSA"},
{"BARRIO":"EL RETIRO","COMUNA":"02","LOCALIDAD":"CHAPINERO"},
{"BARRIO":"EL RINCON","COMUNA":"11","LOCALIDAD":"SUBA"},
{"BARRIO":"EL RINCON DE SUBA","COMUNA":"11","LOCALIDAD":"SUBA"},
{"BARRIO":"EL RINCON NORTE","COMUNA":"11","LOCALIDAD":"SUBA"},
{"BARRIO":"EL ROCIO","COMUNA":"03","LOCALIDAD":"SANTA FE"},
{"BARRIO":"EL ROSARIO","COMUNA":"12","LOCALIDAD":"BARRIOS UNIDOS"},
{"BARRIO":"EL RUBI","COMUNA":"08","LOCALIDAD":"KENNEDY"},
{"BARRIO":"EL SALITRE","COMUNA":"11","LOCALIDAD":"SUBA"},
{"BARRIO":"EL SALITRE","COMUNA":"13","LOCALIDAD":"TEUSAQUILLO"},
{"BARRIO":"EL SEMINARIO","COMUNA":"02","LOCALIDAD":"CHAPINERO"},
{"BARRIO":"EL TEJAR","COMUNA":"16","LOCALIDAD":"PUENTE ARANDA"},
{"BARRIO":"EL TESORO","COMUNA":"19","LOCALIDAD":"CIUDAD BOLIVAR"},
{"BARRIO":"EL TINTAL","COMUNA":"08","LOCALIDAD":"KENNEDY"},
{"BARRIO":"EL TINTAL","COMUNA":"08","LOCALIDAD":"KENNEDY"},
{"BARRIO":"EL TINTAL","COMUNA":"09","LOCALIDAD":"FONTIBON"},
{"BARRIO":"EL TINTAL  A.S.D.","COMUNA":"09","LOCALIDAD":"FONTIBON"},
{"BARRIO":"EL TRIANGULO","COMUNA":"04","LOCALIDAD":"SAN CRISTOBAL"},
{"BARRIO":"EL TUNAL CENTRAL","COMUNA":"06","LOCALIDAD":"TUNJUELITO"},
{"BARRIO":"EL TUNAL COMERCIAL","COMUNA":"06","LOCALIDAD":"TUNJUELITO"},
{"BARRIO":"EL TUNAL OCCIDENTAL","COMUNA":"06","LOCALIDAD":"TUNJUELITO"},
{"BARRIO":"EL TUNAL ORIENTAL","COMUNA":"06","LOCALIDAD":"TUNJUELITO"},
{"BARRIO":"EL UVAL","COMUNA":"05","LOCALIDAD":"USME"},
{"BARRIO":"EL VERGEL","COMUNA":"14","LOCALIDAD":"LOS MARTIRES"},
{"BARRIO":"EL VERVENAL","COMUNA":"01","LOCALIDAD":"USAQUEN"},
{"BARRIO":"EMAUS","COMUNA":"02","LOCALIDAD":"CHAPINERO"},
{"BARRIO":"ENGATIVA","COMUNA":"10","LOCALIDAD":"ENGATIVA"},
{"BARRIO":"ENTRERIOS","COMUNA":"12","LOCALIDAD":"BARRIOS UNIDOS"},
{"BARRIO":"ESCOCIA","COMUNA":"07","LOCALIDAD":"BOSA"},
{"BARRIO":"ESCUELA DE CABALLERIA","COMUNA":"01","LOCALIDAD":"USAQUEN"},
{"BARRIO":"ESCUELA DE CARABINEROS","COMUNA":"11","LOCALIDAD":"SUBA"},
{"BARRIO":"ESCUELA DE INFANTERIA","COMUNA":"01","LOCALIDAD":"USAQUEN"},
{"BARRIO":"ESCUELA GENERAL SANTANDER","COMUNA":"06","LOCALIDAD":"TUNJUELITO"},
{"BARRIO":"ESCUELA MILITAR","COMUNA":"12","LOCALIDAD":"BARRIOS UNIDOS"},
{"BARRIO":"ESTACION BOSA","COMUNA":"07","LOCALIDAD":"BOSA"},
{"BARRIO":"ESTACION CENTRAL","COMUNA":"16","LOCALIDAD":"PUENTE ARANDA"},
{"BARRIO":"ESTORIL","COMUNA":"11","LOCALIDAD":"SUBA"},
{"BARRIO":"ESTRELLA","COMUNA":"13","LOCALIDAD":"TEUSAQUILLO"},
{"BARRIO":"ESTRELLA DEL NORTE","COMUNA":"01","LOCALIDAD":"USAQUEN"},
{"BARRIO":"ESTRELLA DEL SUR","COMUNA":"19","LOCALIDAD":"CIUDAD BOLIVAR"},
{"BARRIO":"ESTRELLITA NORTE","COMUNA":"01","LOCALIDAD":"USAQUEN"},
{"BARRIO":"FATIMA","COMUNA":"06","LOCALIDAD":"TUNJUELITO"},
{"BARRIO":"FERROCAJA FONTIBON","COMUNA":"09","LOCALIDAD":"FONTIBON"},
{"BARRIO":"FINCA EL ROSAL","COMUNA":"19","LOCALIDAD":"CIUDAD BOLIVAR"},
{"BARRIO":"FLANDES","COMUNA":"09","LOCALIDAD":"FONTIBON"},
{"BARRIO":"FLORENCIA","COMUNA":"10","LOCALIDAD":"ENGATIVA"},
{"BARRIO":"FLORIDA BLANCA","COMUNA":"10","LOCALIDAD":"ENGATIVA"},
{"BARRIO":"FLORIDA BLANCA NORTE","COMUNA":"10","LOCALIDAD":"ENGATIVA"},
{"BARRIO":"FRANCO","COMUNA":"09","LOCALIDAD":"FONTIBON"},
{"BARRIO":"GALAN","COMUNA":"08","LOCALIDAD":"KENNEDY"},
{"BARRIO":"GALAN","COMUNA":"16","LOCALIDAD":"PUENTE ARANDA"},
{"BARRIO":"GALICIA","COMUNA":"19","LOCALIDAD":"CIUDAD BOLIVAR"},
{"BARRIO":"GARCES NAVAS","COMUNA":"10","LOCALIDAD":"ENGATIVA"},
{"BARRIO":"GARCES NAVAS ORIENTAL","COMUNA":"10","LOCALIDAD":"ENGATIVA"},
{"BARRIO":"GIBRALTAR","COMUNA":"19","LOCALIDAD":"CIUDAD BOLIVAR"},
{"BARRIO":"GILMAR","COMUNA":"11","LOCALIDAD":"SUBA"},
{"BARRIO":"GINEBRA","COMUNA":"01","LOCALIDAD":"USAQUEN"},
{"BARRIO":"GIRARDOT","COMUNA":"03","LOCALIDAD":"SANTA FE"},
{"BARRIO":"GORGONZOLA","COMUNA":"16","LOCALIDAD":"PUENTE ARANDA"},
{"BARRIO":"GRAN AMERICA","COMUNA":"13","LOCALIDAD":"TEUSAQUILLO"},
{"BARRIO":"GRAN BRITALIA","COMUNA":"07","LOCALIDAD":"BOSA"},
{"BARRIO":"GRAN BRITALIA","COMUNA":"07","LOCALIDAD":"BOSA"},
{"BARRIO":"GRAN BRITALIA I","COMUNA":"08","LOCALIDAD":"KENNEDY"},
{"BARRIO":"GRAN COLOMBIANO","COMUNA":"07","LOCALIDAD":"BOSA"},
{"BARRIO":"GRAN YOMASA","COMUNA":"05","LOCALIDAD":"USME"},
{"BARRIO":"GRANADA","COMUNA":"02","LOCALIDAD":"CHAPINERO"},
{"BARRIO":"GRANADA NORTE","COMUNA":"11","LOCALIDAD":"SUBA"},
{"BARRIO":"GRANADA SUR","COMUNA":"04","LOCALIDAD":"SAN CRISTOBAL"},
{"BARRIO":"GRANADA SUR","COMUNA":"05","LOCALIDAD":"USME"},
{"BARRIO":"GRANJAS DE TECHO","COMUNA":"09","LOCALIDAD":"FONTIBON"},
{"BARRIO":"GRANJAS SAN PABLO","COMUNA":"18","LOCALIDAD":"RAFAEL URIBE"},
{"BARRIO":"GRANJAS SANTA SOFIA","COMUNA":"18","LOCALIDAD":"RAFAEL URIBE"},
{"BARRIO":"GUADALUPE","COMUNA":"19","LOCALIDAD":"CIUDAD BOLIVAR"},
{"BARRIO":"GUADUAL FONTIBON","COMUNA":"09","LOCALIDAD":"FONTIBON"},
{"BARRIO":"GUALOCHE","COMUNA":"07","LOCALIDAD":"BOSA"},
{"BARRIO":"GUIPARMA","COMUNA":"18","LOCALIDAD":"RAFAEL URIBE"},
{"BARRIO":"GUSTAVO RESTREPO","COMUNA":"18","LOCALIDAD":"RAFAEL URIBE"},
{"BARRIO":"HIPOTECHO OCCIDENTAL","COMUNA":"08","LOCALIDAD":"KENNEDY"},
{"BARRIO":"HIPOTECHO SUR","COMUNA":"08","LOCALIDAD":"KENNEDY"},
{"BARRIO":"HORIZONTES","COMUNA":"01","LOCALIDAD":"USAQUEN"},
{"BARRIO":"HOSPITAL SAN CARLOS","COMUNA":"18","LOCALIDAD":"RAFAEL URIBE"},
{"BARRIO":"IBERIA","COMUNA":"11","LOCALIDAD":"SUBA"},
{"BARRIO":"INDUSTRIAL CENTENARIO","COMUNA":"16","LOCALIDAD":"PUENTE ARANDA"},
{"BARRIO":"INGEMAR","COMUNA":"02","LOCALIDAD":"CHAPINERO"},
{"BARRIO":"INGLES","COMUNA":"18","LOCALIDAD":"RAFAEL URIBE"},
{"BARRIO":"ISLA DEL SOL","COMUNA":"06","LOCALIDAD":"TUNJUELITO"},
{"BARRIO":"ISLANDIA","COMUNA":"07","LOCALIDAD":"BOSA"},
{"BARRIO":"ISMAEL PERDOMO","COMUNA":"19","LOCALIDAD":"CIUDAD BOLIVAR"},
{"BARRIO":"JACQUELINE","COMUNA":"08","LOCALIDAD":"KENNEDY"},
{"BARRIO":"JARDIN BOTANICO","COMUNA":"10","LOCALIDAD":"ENGATIVA"},
{"BARRIO":"JARDIN DEL APOGEO","COMUNA":"07","LOCALIDAD":"BOSA"},
{"BARRIO":"JERUSALEN","COMUNA":"19","LOCALIDAD":"CIUDAD BOLIVAR"},
{"BARRIO":"JIMENEZ DE QUESADA","COMUNA":"07","LOCALIDAD":"BOSA"},
{"BARRIO":"JORGE CORTES","COMUNA":"16","LOCALIDAD":"PUENTE ARANDA"},
{"BARRIO":"JORGE ELIECER GAITAN","COMUNA":"12","LOCALIDAD":"BARRIOS UNIDOS"},
{"BARRIO":"JORGE URIBE BOTERO","COMUNA":"07","LOCALIDAD":"BOSA"},
{"BARRIO":"JOSE ANTONIO GALAN","COMUNA":"07","LOCALIDAD":"BOSA"},
{"BARRIO":"JOSE JOAQUIN VARGAS","COMUNA":"12","LOCALIDAD":"BARRIOS UNIDOS"},
{"BARRIO":"JOSE MARIA CARBONELL","COMUNA":"07","LOCALIDAD":"BOSA"},
{"BARRIO":"JUAN JOSE RONDON","COMUNA":"05","LOCALIDAD":"USME"},
{"BARRIO":"JUAN JOSE RONDON","COMUNA":"19","LOCALIDAD":"CIUDAD BOLIVAR"},
{"BARRIO":"JUAN PABLO","COMUNA":"19","LOCALIDAD":"CIUDAD BOLIVAR"},
{"BARRIO":"JUAN REY","COMUNA":"04","LOCALIDAD":"SAN CRISTOBAL"},
{"BARRIO":"JUAN XXIII","COMUNA":"12","LOCALIDAD":"BARRIOS UNIDOS"},
{"BARRIO":"JULIO FLOREZ","COMUNA":"11","LOCALIDAD":"SUBA"},
{"BARRIO":"KENNEDY","COMUNA":"08","LOCALIDAD":"KENNEDY"},
{"BARRIO":"LA ACACIA","COMUNA":"19","LOCALIDAD":"CIUDAD BOLIVAR"},
{"BARRIO":"LA ALAMEDA","COMUNA":"03","LOCALIDAD":"SANTA FE"},
{"BARRIO":"LA ALAMEDA","COMUNA":"19","LOCALIDAD":"CIUDAD BOLIVAR"},
{"BARRIO":"LA ALQUERIA","COMUNA":"16","LOCALIDAD":"PUENTE ARANDA"},
{"BARRIO":"LA ANDREA","COMUNA":"05","LOCALIDAD":"USME"},
{"BARRIO":"LA ARBOLEDA SUR","COMUNA":"18","LOCALIDAD":"RAFAEL URIBE"},
{"BARRIO":"LA ASUNCION","COMUNA":"16","LOCALIDAD":"PUENTE ARANDA"},
{"BARRIO":"LA AURORA","COMUNA":"05","LOCALIDAD":"USME"},
{"BARRIO":"LA AURORA","COMUNA":"12","LOCALIDAD":"BARRIOS UNIDOS"},
{"BARRIO":"LA BELLEZA","COMUNA":"04","LOCALIDAD":"SAN CRISTOBAL"},
{"BARRIO":"LA CABANA","COMUNA":"05","LOCALIDAD":"USME"},
{"BARRIO":"LA CABANA","COMUNA":"05","LOCALIDAD":"USME"},
{"BARRIO":"LA CABANA","COMUNA":"07","LOCALIDAD":"BOSA"},
{"BARRIO":"LA CABANA","COMUNA":"10","LOCALIDAD":"ENGATIVA"},
{"BARRIO":"LA CABANA FONTIBON","COMUNA":"09","LOCALIDAD":"FONTIBON"},
{"BARRIO":"LA CABRERA","COMUNA":"02","LOCALIDAD":"CHAPINERO"},
{"BARRIO":"LA CALLEJA","COMUNA":"01","LOCALIDAD":"USAQUEN"},
{"BARRIO":"LA CAMELIA","COMUNA":"16","LOCALIDAD":"PUENTE ARANDA"},
{"BARRIO":"LA CAMPINA","COMUNA":"08","LOCALIDAD":"KENNEDY"},
{"BARRIO":"LA CAPUCHINA","COMUNA":"03","LOCALIDAD":"SANTA FE"},
{"BARRIO":"LA CAROLINA","COMUNA":"01","LOCALIDAD":"USAQUEN"},
{"BARRIO":"LA CASTELLANA","COMUNA":"12","LOCALIDAD":"BARRIOS UNIDOS"},
{"BARRIO":"LA CATEDRAL","COMUNA":"17","LOCALIDAD":"CANDELARIA"},
{"BARRIO":"LA CECILIA","COMUNA":"08","LOCALIDAD":"KENNEDY"},
{"BARRIO":"LA CHUCUA","COMUNA":"11","LOCALIDAD":"SUBA"},
{"BARRIO":"LA CITA","COMUNA":"01","LOCALIDAD":"USAQUEN"},
{"BARRIO":"LA CONCORDIA","COMUNA":"17","LOCALIDAD":"CANDELARIA"},
{"BARRIO":"LA ESMERALDA","COMUNA":"13","LOCALIDAD":"TEUSAQUILLO"},
{"BARRIO":"LA ESPERANZA","COMUNA":"12","LOCALIDAD":"BARRIOS UNIDOS"},
{"BARRIO":"LA ESPERANZA NORTE","COMUNA":"09","LOCALIDAD":"FONTIBON"},
{"BARRIO":"LA ESPERANZA SUR","COMUNA":"09","LOCALIDAD":"FONTIBON"},
{"BARRIO":"LA ESTANCIA","COMUNA":"19","LOCALIDAD":"CIUDAD BOLIVAR"},
{"BARRIO":"LA ESTANZUELA","COMUNA":"14","LOCALIDAD":"LOS MARTIRES"},
{"BARRIO":"LA ESTRADA","COMUNA":"10","LOCALIDAD":"ENGATIVA"},
{"BARRIO":"LA ESTRADITA","COMUNA":"10","LOCALIDAD":"ENGATIVA"},
{"BARRIO":"LA FAVORITA","COMUNA":"14","LOCALIDAD":"LOS MARTIRES"},
{"BARRIO":"LA FLORIDA","COMUNA":"14","LOCALIDAD":"LOS MARTIRES"},
{"BARRIO":"LA FLORIDA OCCIDENTAL","COMUNA":"16","LOCALIDAD":"PUENTE ARANDA"},
{"BARRIO":"LA FRAGUA","COMUNA":"15","LOCALIDAD":"ANTONIO NARINO"},
{"BARRIO":"LA FRAGUITA","COMUNA":"15","LOCALIDAD":"ANTONIO NARINO"},
{"BARRIO":"LA GAITANA","COMUNA":"11","LOCALIDAD":"SUBA"},
{"BARRIO":"LA GLORIA","COMUNA":"04","LOCALIDAD":"SAN CRISTOBAL"},
{"BARRIO":"LA GLORIA OCCIDENTAL","COMUNA":"04","LOCALIDAD":"SAN CRISTOBAL"},
{"BARRIO":"LA GRANJA","COMUNA":"10","LOCALIDAD":"ENGATIVA"},
{"BARRIO":"LA HORTUA","COMUNA":"15","LOCALIDAD":"ANTONIO NARINO"},
{"BARRIO":"LA INDEPENDENCIA","COMUNA":"07","LOCALIDAD":"BOSA"},
{"BARRIO":"LA LAGUNA FONTIBON","COMUNA":"09","LOCALIDAD":"FONTIBON"},
{"BARRIO":"LA LIBERIA","COMUNA":"01","LOCALIDAD":"USAQUEN"},
{"BARRIO":"LA LIBERTAD","COMUNA":"07","LOCALIDAD":"BOSA"},
{"BARRIO":"LA LIBERTAD","COMUNA":"12","LOCALIDAD":"BARRIOS UNIDOS"},
{"BARRIO":"LA MACARENA","COMUNA":"03","LOCALIDAD":"SANTA FE"},
{"BARRIO":"LA MAGDALENA","COMUNA":"13","LOCALIDAD":"TEUSAQUILLO"},
{"BARRIO":"LA MERCED","COMUNA":"03","LOCALIDAD":"SANTA FE"},
{"BARRIO":"LA MERCED NORTE","COMUNA":"12","LOCALIDAD":"BARRIOS UNIDOS"},
{"BARRIO":"LA NUEVA GLORIA","COMUNA":"04","LOCALIDAD":"SAN CRISTOBAL"},
{"BARRIO":"LA PAMPA","COMUNA":"08","LOCALIDAD":"KENNEDY"},
{"BARRIO":"LA PATRIA","COMUNA":"12","LOCALIDAD":"BARRIOS UNIDOS"},
{"BARRIO":"LA PAZ","COMUNA":"12","LOCALIDAD":"BARRIOS UNIDOS"},
{"BARRIO":"LA PAZ BOSA","COMUNA":"07","LOCALIDAD":"BOSA"},
{"BARRIO":"LA PENA","COMUNA":"03","LOCALIDAD":"SANTA FE"},
{"BARRIO":"LA PEPITA","COMUNA":"14","LOCALIDAD":"LOS MARTIRES"},
{"BARRIO":"LA PERSEVERANCIA","COMUNA":"03","LOCALIDAD":"SANTA FE"},
{"BARRIO":"LA PICOTA","COMUNA":"18","LOCALIDAD":"RAFAEL URIBE"},
{"BARRIO":"LA PICOTA ORIENTAL","COMUNA":"18","LOCALIDAD":"RAFAEL URIBE"},
{"BARRIO":"LA PICOTA SUR","COMUNA":"05","LOCALIDAD":"USME"},
{"BARRIO":"LA PORCIUNCULA","COMUNA":"02","LOCALIDAD":"CHAPINERO"},
{"BARRIO":"LA PRADERA","COMUNA":"16","LOCALIDAD":"PUENTE ARANDA"},
{"BARRIO":"LA PREDERA","COMUNA":"19","LOCALIDAD":"CIUDAD BOLIVAR"},
{"BARRIO":"LA PRIMAVERA","COMUNA":"10","LOCALIDAD":"ENGATIVA"},
{"BARRIO":"LA RESURRECCION","COMUNA":"18","LOCALIDAD":"RAFAEL URIBE"},
{"BARRIO":"LA RONDA","COMUNA":"06","LOCALIDAD":"TUNJUELITO"},
{"BARRIO":"LA SABANA","COMUNA":"14","LOCALIDAD":"LOS MARTIRES"},
{"BARRIO":"LA SALLE","COMUNA":"02","LOCALIDAD":"CHAPINERO"},
{"BARRIO":"LA SERENA","COMUNA":"10","LOCALIDAD":"ENGATIVA"},
{"BARRIO":"LA SOLEDAD","COMUNA":"13","LOCALIDAD":"TEUSAQUILLO"},
{"BARRIO":"LA SOLEDAD NORTE","COMUNA":"10","LOCALIDAD":"ENGATIVA"},
{"BARRIO":"LA TRINIDAD","COMUNA":"16","LOCALIDAD":"PUENTE ARANDA"},
{"BARRIO":"LA URIBE","COMUNA":"01","LOCALIDAD":"USAQUEN"},
{"BARRIO":"LA VERACRUZ","COMUNA":"03","LOCALIDAD":"SANTA FE"},
{"BARRIO":"LA VICTORIA","COMUNA":"04","LOCALIDAD":"SAN CRISTOBAL"},
{"BARRIO":"LAGO DE SUBA","COMUNA":"11","LOCALIDAD":"SUBA"},
{"BARRIO":"LAGO GAITAN","COMUNA":"02","LOCALIDAD":"CHAPINERO"},
{"BARRIO":"LAS ACACIAS","COMUNA":"02","LOCALIDAD":"CHAPINERO"},
{"BARRIO":"LAS ACACIAS","COMUNA":"08","LOCALIDAD":"KENNEDY"},
{"BARRIO":"LAS AGUAS","COMUNA":"17","LOCALIDAD":"CANDELARIA"},
{"BARRIO":"LAS AMERICAS","COMUNA":"13","LOCALIDAD":"TEUSAQUILLO"},
{"BARRIO":"LAS BRISAS","COMUNA":"04","LOCALIDAD":"SAN CRISTOBAL"},
{"BARRIO":"LAS CRUCES","COMUNA":"03","LOCALIDAD":"SANTA FE"},
{"BARRIO":"LAS DELICIAS","COMUNA":"08","LOCALIDAD":"KENNEDY"},
{"BARRIO":"LAS DOS AVENIDAS","COMUNA":"08","LOCALIDAD":"KENNEDY"},
{"BARRIO":"LAS FERIAS","COMUNA":"10","LOCALIDAD":"ENGATIVA"},
{"BARRIO":"LAS FERIAS OCCIDENTAL","COMUNA":"10","LOCALIDAD":"ENGATIVA"},
{"BARRIO":"LAS FLORES","COMUNA":"11","LOCALIDAD":"SUBA"},
{"BARRIO":"LAS GAVIOTAS","COMUNA":"04","LOCALIDAD":"SAN CRISTOBAL"},
{"BARRIO":"LAS GRANJAS DEL NORTE","COMUNA":"01","LOCALIDAD":"USAQUEN"},
{"BARRIO":"LAS GUACAMAYAS","COMUNA":"04","LOCALIDAD":"SAN CRISTOBAL"},
{"BARRIO":"LAS LOMAS","COMUNA":"04","LOCALIDAD":"SAN CRISTOBAL"},
{"BARRIO":"LAS MARGARITAS","COMUNA":"01","LOCALIDAD":"USAQUEN"},
{"BARRIO":"LAS MARGARITAS","COMUNA":"07","LOCALIDAD":"BOSA"},
{"BARRIO":"LAS MARGARITAS","COMUNA":"08","LOCALIDAD":"KENNEDY"},
{"BARRIO":"LAS MERCEDES","COMUNA":"04","LOCALIDAD":"SAN CRISTOBAL"},
{"BARRIO":"LAS MERCEDES SUBA","COMUNA":"11","LOCALIDAD":"SUBA"},
{"BARRIO":"LAS NIEVES","COMUNA":"03","LOCALIDAD":"SANTA FE"},
{"BARRIO":"LAS ORQUIDEAS","COMUNA":"01","LOCALIDAD":"USAQUEN"},
{"BARRIO":"LAS QUINTAS DEL SUR","COMUNA":"19","LOCALIDAD":"CIUDAD BOLIVAR"},
{"BARRIO":"LAS TORRES","COMUNA":"08","LOCALIDAD":"KENNEDY"},
{"BARRIO":"LAS VILLAS","COMUNA":"11","LOCALIDAD":"SUBA"},
{"BARRIO":"LIBERTADOR","COMUNA":"18","LOCALIDAD":"RAFAEL URIBE"},
{"BARRIO":"LILIANA","COMUNA":"05","LOCALIDAD":"USME"},
{"BARRIO":"LISBOA","COMUNA":"01","LOCALIDAD":"USAQUEN"},
{"BARRIO":"LISBOA","COMUNA":"11","LOCALIDAD":"SUBA"},
{"BARRIO":"LLANO GRANDE","COMUNA":"08","LOCALIDAD":"KENNEDY"},
{"BARRIO":"LOMBARDIA","COMUNA":"11","LOCALIDAD":"SUBA"},
{"BARRIO":"LOS ALAMOS","COMUNA":"10","LOCALIDAD":"ENGATIVA"},
{"BARRIO":"LOS ALMENDROS","COMUNA":"08","LOCALIDAD":"KENNEDY"},
{"BARRIO":"LOS ALPES","COMUNA":"04","LOCALIDAD":"SAN CRISTOBAL"},
{"BARRIO":"LOS ANDES","COMUNA":"12","LOCALIDAD":"BARRIOS UNIDOS"},
{"BARRIO":"LOS ANDES NORTE","COMUNA":"11","LOCALIDAD":"SUBA"},
{"BARRIO":"LOS ANGELES","COMUNA":"10","LOCALIDAD":"ENGATIVA"},
{"BARRIO":"LOS ARRAYANES","COMUNA":"05","LOCALIDAD":"USME"},
{"BARRIO":"LOS ARRAYANES","COMUNA":"18","LOCALIDAD":"RAFAEL URIBE"},
{"BARRIO":"LOS CEDROS","COMUNA":"01","LOCALIDAD":"USAQUEN"},
{"BARRIO":"LOS CEDROS ORIENTAL","COMUNA":"01","LOCALIDAD":"USAQUEN"},
{"BARRIO":"LOS CEREZOS","COMUNA":"10","LOCALIDAD":"ENGATIVA"},
{"BARRIO":"LOS EJIDOS","COMUNA":"16","LOCALIDAD":"PUENTE ARANDA"},
{"BARRIO":"LOS LACHES","COMUNA":"03","LOCALIDAD":"SANTA FE"},
{"BARRIO":"LOS LAURELES","COMUNA":"07","LOCALIDAD":"BOSA"},
{"BARRIO":"LOS LIBERTADORES","COMUNA":"04","LOCALIDAD":"SAN CRISTOBAL"},
{"BARRIO":"LOS MOLINOS","COMUNA":"18","LOCALIDAD":"RAFAEL URIBE"},
{"BARRIO":"LOS MOLINOS DEL SUR","COMUNA":"18","LOCALIDAD":"RAFAEL URIBE"},
{"BARRIO":"LOS NARANJOS","COMUNA":"11","LOCALIDAD":"SUBA"},
{"BARRIO":"LOS ROSALES","COMUNA":"02","LOCALIDAD":"CHAPINERO"},
{"BARRIO":"LOS SOCHES","COMUNA":"05","LOCALIDAD":"USME"},
{"BARRIO":"LOS TRES REYES","COMUNA":"19","LOCALIDAD":"CIUDAD BOLIVAR"},
{"BARRIO":"LOURDES","COMUNA":"03","LOCALIDAD":"SANTA FE"},
{"BARRIO":"LUCERO ALTO","COMUNA":"19","LOCALIDAD":"CIUDAD BOLIVAR"},
{"BARRIO":"LUCERO DEL SUR","COMUNA":"19","LOCALIDAD":"CIUDAD BOLIVAR"},
{"BARRIO":"LUSITANIA","COMUNA":"08","LOCALIDAD":"KENNEDY"},
{"BARRIO":"MADELENA","COMUNA":"19","LOCALIDAD":"CIUDAD BOLIVAR"},
{"BARRIO":"MANDALAY","COMUNA":"08","LOCALIDAD":"KENNEDY"},
{"BARRIO":"MARCO FIDEL SUAREZ","COMUNA":"18","LOCALIDAD":"RAFAEL URIBE"},
{"BARRIO":"MARCO FIDEL SUAREZ NO. 1","COMUNA":"18","LOCALIDAD":"RAFAEL URIBE"},
{"BARRIO":"MARGARITAS OCCIDENTAL","COMUNA":"08","LOCALIDAD":"KENNEDY"},
{"BARRIO":"MARIA CRISTINA","COMUNA":"02","LOCALIDAD":"CHAPINERO"},
{"BARRIO":"MARICHUELA","COMUNA":"05","LOCALIDAD":"USME"},
{"BARRIO":"MARLY","COMUNA":"02","LOCALIDAD":"CHAPINERO"},
{"BARRIO":"MARRUECOS","COMUNA":"18","LOCALIDAD":"RAFAEL URIBE"},
{"BARRIO":"MARSELLA","COMUNA":"08","LOCALIDAD":"KENNEDY"},
{"BARRIO":"MAZUREN","COMUNA":"11","LOCALIDAD":"SUBA"},
{"BARRIO":"MEISEN","COMUNA":"19","LOCALIDAD":"CIUDAD BOLIVAR"},
{"BARRIO":"METROPOLIS","COMUNA":"12","LOCALIDAD":"BARRIOS UNIDOS"},
{"BARRIO":"MEXICO","COMUNA":"19","LOCALIDAD":"CIUDAD BOLIVAR"},
{"BARRIO":"MINUTO DE DIOS","COMUNA":"10","LOCALIDAD":"ENGATIVA"},
{"BARRIO":"MINUTO DE LA MARIA","COMUNA":"19","LOCALIDAD":"CIUDAD BOLIVAR"},
{"BARRIO":"MIRANDELA","COMUNA":"11","LOCALIDAD":"SUBA"},
{"BARRIO":"MODELIA","COMUNA":"09","LOCALIDAD":"FONTIBON"},
{"BARRIO":"MODELIA OCCIDENTAL","COMUNA":"09","LOCALIDAD":"FONTIBON"},
{"BARRIO":"MODELO SUR","COMUNA":"04","LOCALIDAD":"SAN CRISTOBAL"},
{"BARRIO":"MOLINOS DE ORIENTE","COMUNA":"04","LOCALIDAD":"SAN CRISTOBAL"},
{"BARRIO":"MOLINOS NORTE","COMUNA":"01","LOCALIDAD":"USAQUEN"},
{"BARRIO":"MONACO","COMUNA":"11","LOCALIDAD":"SUBA"},
{"BARRIO":"MONTE BLANCO","COMUNA":"05","LOCALIDAD":"USME"},
{"BARRIO":"MONTE CARLO","COMUNA":"04","LOCALIDAD":"SAN CRISTOBAL"},
{"BARRIO":"MONTEBELLO","COMUNA":"04","LOCALIDAD":"SAN CRISTOBAL"},
{"BARRIO":"MONTERREY","COMUNA":"08","LOCALIDAD":"KENNEDY"},
{"BARRIO":"MONTEVIDEO","COMUNA":"09","LOCALIDAD":"FONTIBON"},
{"BARRIO":"MORABIA II","COMUNA":"08","LOCALIDAD":"KENNEDY"},
{"BARRIO":"MORALBA","COMUNA":"04","LOCALIDAD":"SAN CRISTOBAL"},
{"BARRIO":"MUEQUETA","COMUNA":"12","LOCALIDAD":"BARRIOS UNIDOS"},
{"BARRIO":"MURILLO TORO","COMUNA":"18","LOCALIDAD":"RAFAEL URIBE"},
{"BARRIO":"MUZU","COMUNA":"06","LOCALIDAD":"TUNJUELITO"},
{"BARRIO":"NACIONES UNIDAS","COMUNA":"19","LOCALIDAD":"CIUDAD BOLIVAR"},
{"BARRIO":"NARANJOS","COMUNA":"11","LOCALIDAD":"SUBA"},
{"BARRIO":"NARINO SUR","COMUNA":"04","LOCALIDAD":"SAN CRISTOBAL"},
{"BARRIO":"NICOLAS DE FEDERMAN","COMUNA":"13","LOCALIDAD":"TEUSAQUILLO"},
{"BARRIO":"NIZA","COMUNA":"11","LOCALIDAD":"SUBA"},
{"BARRIO":"NIZA NORTE","COMUNA":"11","LOCALIDAD":"SUBA"},
{"BARRIO":"NIZASUBA","COMUNA":"11","LOCALIDAD":"SUBA"},
{"BARRIO":"NORMANDIA","COMUNA":"10","LOCALIDAD":"ENGATIVA"},
{"BARRIO":"NORMANDIA OCCIDENTAL","COMUNA":"10","LOCALIDAD":"ENGATIVA"},
{"BARRIO":"NUEVA DELLY","COMUNA":"04","LOCALIDAD":"SAN CRISTOBAL"},
{"BARRIO":"NUEVA GRANADA","COMUNA":"07","LOCALIDAD":"BOSA"},
{"BARRIO":"NUEVA TIBABUYES","COMUNA":"11","LOCALIDAD":"SUBA"},
{"BARRIO":"NUEVA ZELANDIA","COMUNA":"11","LOCALIDAD":"SUBA"},
{"BARRIO":"NUEVO MUZU","COMUNA":"06","LOCALIDAD":"TUNJUELITO"},
{"BARRIO":"NUEVO TECHO","COMUNA":"08","LOCALIDAD":"KENNEDY"},
{"BARRIO":"OLARTE","COMUNA":"07","LOCALIDAD":"BOSA"},
{"BARRIO":"OLAYA","COMUNA":"18","LOCALIDAD":"RAFAEL URIBE"},
{"BARRIO":"ONCE DE NOVIEMBRE","COMUNA":"12","LOCALIDAD":"BARRIOS UNIDOS"},
{"BARRIO":"ORTEZAL","COMUNA":"16","LOCALIDAD":"PUENTE ARANDA"},
{"BARRIO":"OSORIO DIEZ","COMUNA":"07","LOCALIDAD":"BOSA"},
{"BARRIO":"OSORIO XI","COMUNA":"08","LOCALIDAD":"KENNEDY"},
{"BARRIO":"OSORIO XII","COMUNA":"08","LOCALIDAD":"KENNEDY"},
{"BARRIO":"OSORIO XXIII","COMUNA":"07","LOCALIDAD":"BOSA"},
{"BARRIO":"OSPINA PEREZ","COMUNA":"16","LOCALIDAD":"PUENTE ARANDA"},
{"BARRIO":"OSPINA PEREZ SUR","COMUNA":"16","LOCALIDAD":"PUENTE ARANDA"},
{"BARRIO":"Otros Barrios Loc. 01","COMUNA":"01","LOCALIDAD":"USAQUEN"},
{"BARRIO":"Otros Barrios Loc. 02","COMUNA":"02","LOCALIDAD":"CHAPINERO"},
{"BARRIO":"Otros Barrios Loc. 03","COMUNA":"03","LOCALIDAD":"SANTA FE"},
{"BARRIO":"Otros Barrios Loc. 04","COMUNA":"04","LOCALIDAD":"SAN CRISTOBAL"},
{"BARRIO":"Otros Barrios Loc. 05","COMUNA":"05","LOCALIDAD":"USME"},
{"BARRIO":"Otros Barrios Loc. 06","COMUNA":"06","LOCALIDAD":"TUNJUELITO"},
{"BARRIO":"Otros Barrios Loc. 07","COMUNA":"07","LOCALIDAD":"BOSA"},
{"BARRIO":"Otros Barrios Loc. 08","COMUNA":"08","LOCALIDAD":"KENNEDY"},
{"BARRIO":"Otros Barrios Loc. 09","COMUNA":"09","LOCALIDAD":"FONTIBON"},
{"BARRIO":"Otros Barrios Loc. 10","COMUNA":"10","LOCALIDAD":"ENGATIVA"},
{"BARRIO":"Otros Barrios Loc. 11","COMUNA":"11","LOCALIDAD":"SUBA"},
{"BARRIO":"Otros Barrios Loc. 12","COMUNA":"12","LOCALIDAD":"BARRIOS UNIDOS"},
{"BARRIO":"Otros Barrios Loc. 13","COMUNA":"13","LOCALIDAD":"TEUSAQUILLO"},
{"BARRIO":"Otros Barrios Loc. 14","COMUNA":"14","LOCALIDAD":"LOS MARTIRES"},
{"BARRIO":"Otros Barrios Loc. 15","COMUNA":"15","LOCALIDAD":"ANTONIO NARINO"},
{"BARRIO":"Otros Barrios Loc. 16","COMUNA":"16","LOCALIDAD":"PUENTE ARANDA"},
{"BARRIO":"Otros Barrios Loc. 17","COMUNA":"17","LOCALIDAD":"CANDELARIA"},
{"BARRIO":"Otros Barrios Loc. 18","COMUNA":"18","LOCALIDAD":"RAFAEL URIBE"},
{"BARRIO":"PALERMO","COMUNA":"13","LOCALIDAD":"TEUSAQUILLO"},
{"BARRIO":"PALERMO SUR","COMUNA":"18","LOCALIDAD":"RAFAEL URIBE"},
{"BARRIO":"PALOBLANCO","COMUNA":"10","LOCALIDAD":"ENGATIVA"},
{"BARRIO":"PALOQUEMAO","COMUNA":"14","LOCALIDAD":"LOS MARTIRES"},
{"BARRIO":"PARAISO","COMUNA":"08","LOCALIDAD":"KENNEDY"},
{"BARRIO":"PARCELA EL PORVENIR","COMUNA":"07","LOCALIDAD":"BOSA"},
{"BARRIO":"PARDO RUBIO","COMUNA":"02","LOCALIDAD":"CHAPINERO"},
{"BARRIO":"PARIS","COMUNA":"10","LOCALIDAD":"ENGATIVA"},
{"BARRIO":"PARIS GAITAN","COMUNA":"10","LOCALIDAD":"ENGATIVA"},
{"BARRIO":"PARQUE EL SALITRE.","COMUNA":"12","LOCALIDAD":"BARRIOS UNIDOS"},
{"BARRIO":"PARQUE NACIONAL","COMUNA":"03","LOCALIDAD":"SANTA FE"},
{"BARRIO":"PARQUE POPULAR SALITRE","COMUNA":"12","LOCALIDAD":"BARRIOS UNIDOS"},
{"BARRIO":"PARQUE SIMON BOLIVAR","COMUNA":"13","LOCALIDAD":"TEUSAQUILLO"},
{"BARRIO":"PASADENA","COMUNA":"11","LOCALIDAD":"SUBA"},
{"BARRIO":"PASO ANCHO","COMUNA":"07","LOCALIDAD":"BOSA"},
{"BARRIO":"PASTRANA","COMUNA":"08","LOCALIDAD":"KENNEDY"},
{"BARRIO":"PASTRANITA","COMUNA":"08","LOCALIDAD":"KENNEDY"},
{"BARRIO":"PATIO BONITO","COMUNA":"08","LOCALIDAD":"KENNEDY"},
{"BARRIO":"PATIO BONITO II","COMUNA":"08","LOCALIDAD":"KENNEDY"},
{"BARRIO":"PAULO VI","COMUNA":"13","LOCALIDAD":"TEUSAQUILLO"},
{"BARRIO":"PAULO VI NORTE","COMUNA":"13","LOCALIDAD":"TEUSAQUILLO"},
{"BARRIO":"PENSILVANIA","COMUNA":"16","LOCALIDAD":"PUENTE ARANDA"},
{"BARRIO":"PEPINITOS","COMUNA":"05","LOCALIDAD":"USME"},
{"BARRIO":"PIO XII","COMUNA":"08","LOCALIDAD":"KENNEDY"},
{"BARRIO":"POLICARPA","COMUNA":"15","LOCALIDAD":"ANTONIO NARINO"},
{"BARRIO":"POLO CLUB","COMUNA":"12","LOCALIDAD":"BARRIOS UNIDOS"},
{"BARRIO":"POPULAR MODELO","COMUNA":"12","LOCALIDAD":"BARRIOS UNIDOS"},
{"BARRIO":"PORTALES DEL NORTE","COMUNA":"11","LOCALIDAD":"SUBA"},
{"BARRIO":"PORVENIR","COMUNA":"05","LOCALIDAD":"USME"},
{"BARRIO":"POTOSI","COMUNA":"11","LOCALIDAD":"SUBA"},
{"BARRIO":"POTOSI","COMUNA":"19","LOCALIDAD":"CIUDAD BOLIVAR"},
{"BARRIO":"POTRERILLOS","COMUNA":"11","LOCALIDAD":"SUBA"},
{"BARRIO":"PRADERA NORTE","COMUNA":"01","LOCALIDAD":"USAQUEN"},
{"BARRIO":"PRADO VERANIEGO","COMUNA":"11","LOCALIDAD":"SUBA"},
{"BARRIO":"PRADO VERANIEGO NORTE","COMUNA":"11","LOCALIDAD":"SUBA"},
{"BARRIO":"PRADO VERANIEGO SUR","COMUNA":"11","LOCALIDAD":"SUBA"},
{"BARRIO":"PREDIO CALDAS","COMUNA":"09","LOCALIDAD":"FONTIBON"},
{"BARRIO":"PRIMAVERA","COMUNA":"19","LOCALIDAD":"CIUDAD BOLIVAR"},
{"BARRIO":"PRIMAVERA OCCIDENTAL","COMUNA":"16","LOCALIDAD":"PUENTE ARANDA"},
{"BARRIO":"PRIMERO DE MAYO","COMUNA":"04","LOCALIDAD":"SAN CRISTOBAL"},
{"BARRIO":"PROVIVIENDA","COMUNA":"08","LOCALIDAD":"KENNEDY"},
{"BARRIO":"PROVIVIENDA NORTE","COMUNA":"16","LOCALIDAD":"PUENTE ARANDA"},
{"BARRIO":"PROVIVIENDA OCCIDENTAL","COMUNA":"08","LOCALIDAD":"KENNEDY"},
{"BARRIO":"PROVIVIENDA OCCIDENTAL","COMUNA":"08","LOCALIDAD":"KENNEDY"},
{"BARRIO":"PROVIVIENDA ORIENTAL","COMUNA":"08","LOCALIDAD":"KENNEDY"},
{"BARRIO":"PUENTE ARANDA","COMUNA":"16","LOCALIDAD":"PUENTE ARANDA"},
{"BARRIO":"PUENTE COLORADO","COMUNA":"04","LOCALIDAD":"SAN CRISTOBAL"},
{"BARRIO":"PUENTE GRANDE","COMUNA":"09","LOCALIDAD":"FONTIBON"},
{"BARRIO":"PUENTE LARGO","COMUNA":"11","LOCALIDAD":"SUBA"},
{"BARRIO":"PUERTA DE TEJA","COMUNA":"09","LOCALIDAD":"FONTIBON"},
{"BARRIO":"PUERTA DEL SOL","COMUNA":"11","LOCALIDAD":"SUBA"},
{"BARRIO":"QUESADA","COMUNA":"13","LOCALIDAD":"TEUSAQUILLO"},
{"BARRIO":"QUIBA","COMUNA":"19","LOCALIDAD":"CIUDAD BOLIVAR"},
{"BARRIO":"QUIBA","COMUNA":"19","LOCALIDAD":"CIUDAD BOLIVAR"},
{"BARRIO":"QUINDIO","COMUNA":"04","LOCALIDAD":"SAN CRISTOBAL"},
{"BARRIO":"QUINTA CAMACHO","COMUNA":"02","LOCALIDAD":"CHAPINERO"},
{"BARRIO":"QUINTA MUTIS","COMUNA":"12","LOCALIDAD":"BARRIOS UNIDOS"},
{"BARRIO":"QUINTA PAREDES","COMUNA":"13","LOCALIDAD":"TEUSAQUILLO"},
{"BARRIO":"QUINTA RAMOS","COMUNA":"04","LOCALIDAD":"SAN CRISTOBAL"},
{"BARRIO":"QUINTAS DE STA. BARBARA","COMUNA":"10","LOCALIDAD":"ENGATIVA"},
{"BARRIO":"QUIRIGUA","COMUNA":"10","LOCALIDAD":"ENGATIVA"},
{"BARRIO":"QUIROGA","COMUNA":"18","LOCALIDAD":"RAFAEL URIBE"},
{"BARRIO":"QUIROGA CENTRAL","COMUNA":"18","LOCALIDAD":"RAFAEL URIBE"},
{"BARRIO":"QUIROGA SUR","COMUNA":"18","LOCALIDAD":"RAFAEL URIBE"},
{"BARRIO":"RAFAEL ESCAMILLA","COMUNA":"19","LOCALIDAD":"CIUDAD BOLIVAR"},
{"BARRIO":"RAFAEL NUNEZ","COMUNA":"13","LOCALIDAD":"TEUSAQUILLO"},
{"BARRIO":"RAFAEL URIBE","COMUNA":"12","LOCALIDAD":"BARRIOS UNIDOS"},
{"BARRIO":"RAMAJAL","COMUNA":"04","LOCALIDAD":"SAN CRISTOBAL"},
{"BARRIO":"RAMIREZ","COMUNA":"03","LOCALIDAD":"SANTA FE"},
{"BARRIO":"REMANSO","COMUNA":"16","LOCALIDAD":"PUENTE ARANDA"},
{"BARRIO":"REMANSO SUR","COMUNA":"16","LOCALIDAD":"PUENTE ARANDA"},
{"BARRIO":"RESTREPO","COMUNA":"15","LOCALIDAD":"ANTONIO NARINO"},
{"BARRIO":"RESTREPO OCCIDENTAL","COMUNA":"15","LOCALIDAD":"ANTONIO NARINO"},
{"BARRIO":"RICAURTE","COMUNA":"14","LOCALIDAD":"LOS MARTIRES"},
{"BARRIO":"RINCON DE LA VALVANERA","COMUNA":"19","LOCALIDAD":"CIUDAD BOLIVAR"},
{"BARRIO":"RINCON DE SANTA INES","COMUNA":"11","LOCALIDAD":"SUBA"},
{"BARRIO":"RINCON DEL CHICO","COMUNA":"01","LOCALIDAD":"USAQUEN"},
{"BARRIO":"RIONEGRO","COMUNA":"12","LOCALIDAD":"BARRIOS UNIDOS"},
{"BARRIO":"ROMA","COMUNA":"08","LOCALIDAD":"KENNEDY"},
{"BARRIO":"SABANA DE TIBABUYES","COMUNA":"11","LOCALIDAD":"SUBA"},
{"BARRIO":"SADEC DOS","COMUNA":"19","LOCALIDAD":"CIUDAD BOLIVAR"},
{"BARRIO":"SADEC TRES","COMUNA":"19","LOCALIDAD":"CIUDAD BOLIVAR"},
{"BARRIO":"SADEC UNO","COMUNA":"19","LOCALIDAD":"CIUDAD BOLIVAR"},
{"BARRIO":"SAGRADO CORAZON","COMUNA":"03","LOCALIDAD":"SANTA FE"},
{"BARRIO":"SALAZAR GOMEZ","COMUNA":"16","LOCALIDAD":"PUENTE ARANDA"},
{"BARRIO":"SAMORE","COMUNA":"06","LOCALIDAD":"TUNJUELITO"},
{"BARRIO":"SAMPER","COMUNA":"03","LOCALIDAD":"SANTA FE"},
{"BARRIO":"SAMPER MENDOZA","COMUNA":"14","LOCALIDAD":"LOS MARTIRES"},
{"BARRIO":"SAN AGUSTIN","COMUNA":"18","LOCALIDAD":"RAFAEL URIBE"},
{"BARRIO":"SAN ANDRES DE LOS ALTOS","COMUNA":"05","LOCALIDAD":"USME"},
{"BARRIO":"SAN ANTONIO","COMUNA":"07","LOCALIDAD":"BOSA"},
{"BARRIO":"SAN ANTONIO","COMUNA":"15","LOCALIDAD":"ANTONIO NARINO"},
{"BARRIO":"SAN ANTONIO NOR-OCC.","COMUNA":"01","LOCALIDAD":"USAQUEN"},
{"BARRIO":"SAN ANTONIO NORTE","COMUNA":"01","LOCALIDAD":"USAQUEN"},
{"BARRIO":"SAN BENITO","COMUNA":"06","LOCALIDAD":"TUNJUELITO"},
{"BARRIO":"SAN BERNARDINO","COMUNA":"07","LOCALIDAD":"BOSA"},
{"BARRIO":"SAN BERNARDINO DIECISIETE","COMUNA":"07","LOCALIDAD":"BOSA"},
{"BARRIO":"SAN BERNARDINO XIX","COMUNA":"07","LOCALIDAD":"BOSA"},
{"BARRIO":"SAN BERNARDINO XVIII","COMUNA":"07","LOCALIDAD":"BOSA"},
{"BARRIO":"SAN BERNARDO","COMUNA":"03","LOCALIDAD":"SANTA FE"},
{"BARRIO":"SAN BLAS 2 SECTOR","COMUNA":"04","LOCALIDAD":"SAN CRISTOBAL"},
{"BARRIO":"SAN CARLOS","COMUNA":"06","LOCALIDAD":"TUNJUELITO"},
{"BARRIO":"SAN CAYETANO","COMUNA":"11","LOCALIDAD":"SUBA"},
{"BARRIO":"SAN CECILIA","COMUNA":"11","LOCALIDAD":"SUBA"},
{"BARRIO":"SAN CRISTOBAL","COMUNA":"04","LOCALIDAD":"SAN CRISTOBAL"},
{"BARRIO":"SAN CRISTOBAL NORTE","COMUNA":"01","LOCALIDAD":"USAQUEN"},
{"BARRIO":"SAN DIEGO","COMUNA":"03","LOCALIDAD":"SANTA FE"},
{"BARRIO":"SAN EUSEBIO","COMUNA":"16","LOCALIDAD":"PUENTE ARANDA"},
{"BARRIO":"SAN FELIPE","COMUNA":"12","LOCALIDAD":"BARRIOS UNIDOS"},
{"BARRIO":"SAN FERNANDO","COMUNA":"12","LOCALIDAD":"BARRIOS UNIDOS"},
{"BARRIO":"SAN FERNANDO OCCIDENTAL","COMUNA":"12","LOCALIDAD":"BARRIOS UNIDOS"},
{"BARRIO":"SAN FRANCISCO","COMUNA":"16","LOCALIDAD":"PUENTE ARANDA"},
{"BARRIO":"SAN FRANCISCO","COMUNA":"19","LOCALIDAD":"CIUDAD BOLIVAR"},
{"BARRIO":"SAN GABRIEL","COMUNA":"16","LOCALIDAD":"PUENTE ARANDA"},
{"BARRIO":"SAN GABRIEL NORTE","COMUNA":"01","LOCALIDAD":"USAQUEN"},
{"BARRIO":"SAN IGNACIO","COMUNA":"10","LOCALIDAD":"ENGATIVA"},
{"BARRIO":"SAN ISIDRO","COMUNA":"01","LOCALIDAD":"USAQUEN"},
{"BARRIO":"SAN ISIDRO","COMUNA":"04","LOCALIDAD":"SAN CRISTOBAL"},
{"BARRIO":"SAN JAVIER","COMUNA":"04","LOCALIDAD":"SAN CRISTOBAL"},
{"BARRIO":"SAN JOAQUIN","COMUNA":"10","LOCALIDAD":"ENGATIVA"},
{"BARRIO":"SAN JORGE","COMUNA":"11","LOCALIDAD":"SUBA"},
{"BARRIO":"SAN JORGE SUR","COMUNA":"18","LOCALIDAD":"RAFAEL URIBE"},
{"BARRIO":"SAN JOSE","COMUNA":"07","LOCALIDAD":"BOSA"},
{"BARRIO":"SAN JOSE","COMUNA":"18","LOCALIDAD":"RAFAEL URIBE"},
{"BARRIO":"SAN JOSE DE BAVARIA","COMUNA":"11","LOCALIDAD":"SUBA"},
{"BARRIO":"SAN JOSE DE USAQUEN","COMUNA":"01","LOCALIDAD":"USAQUEN"},
{"BARRIO":"SAN JOSE DEL PRADO","COMUNA":"11","LOCALIDAD":"SUBA"},
{"BARRIO":"SAN JOSE FONTIBON","COMUNA":"09","LOCALIDAD":"FONTIBON"},
{"BARRIO":"SAN JOSE SUR","COMUNA":"04","LOCALIDAD":"SAN CRISTOBAL"},
{"BARRIO":"SAN JOSE V SECTOR","COMUNA":"11","LOCALIDAD":"SUBA"},
{"BARRIO":"SAN JUAN BAUTISTA","COMUNA":"05","LOCALIDAD":"USME"},
{"BARRIO":"SAN LUIS","COMUNA":"13","LOCALIDAD":"TEUSAQUILLO"},
{"BARRIO":"SAN LUIS","COMUNA":"18","LOCALIDAD":"RAFAEL URIBE"},
{"BARRIO":"SAN MARTIN","COMUNA":"02","LOCALIDAD":"CHAPINERO"},
{"BARRIO":"SAN MARTIN","COMUNA":"03","LOCALIDAD":"SANTA FE"},
{"BARRIO":"SAN MARTIN","COMUNA":"04","LOCALIDAD":"SAN CRISTOBAL"},
{"BARRIO":"SAN MIGUEL","COMUNA":"12","LOCALIDAD":"BARRIOS UNIDOS"},
{"BARRIO":"SAN PABLO","COMUNA":"07","LOCALIDAD":"BOSA"},
{"BARRIO":"SAN PABLO JERICO-FONTIBON","COMUNA":"09","LOCALIDAD":"FONTIBON"},
{"BARRIO":"SAN PATRICIO","COMUNA":"01","LOCALIDAD":"USAQUEN"},
{"BARRIO":"SAN PEDRO","COMUNA":"04","LOCALIDAD":"SAN CRISTOBAL"},
{"BARRIO":"SAN PEDRO","COMUNA":"05","LOCALIDAD":"USME"},
{"BARRIO":"SAN PEDRO","COMUNA":"07","LOCALIDAD":"BOSA"},
{"BARRIO":"SAN PEDRO DE SUBA","COMUNA":"11","LOCALIDAD":"SUBA"},
{"BARRIO":"SAN RAFAEL","COMUNA":"16","LOCALIDAD":"PUENTE ARANDA"},
{"BARRIO":"SAN RAFAEL","COMUNA":"19","LOCALIDAD":"CIUDAD BOLIVAR"},
{"BARRIO":"SAN RAFAEL (USME)","COMUNA":"04","LOCALIDAD":"SAN CRISTOBAL"},
{"BARRIO":"SAN RAFAEL INDUSTRIAL","COMUNA":"16","LOCALIDAD":"PUENTE ARANDA"},
{"BARRIO":"SAN VICENTE","COMUNA":"04","LOCALIDAD":"SAN CRISTOBAL"},
{"BARRIO":"SAN VICENTE","COMUNA":"06","LOCALIDAD":"TUNJUELITO"},
{"BARRIO":"SAN VICTORINO","COMUNA":"14","LOCALIDAD":"LOS MARTIRES"},
{"BARRIO":"SANTA ANA","COMUNA":"02","LOCALIDAD":"CHAPINERO"},
{"BARRIO":"SANTA ANA OCCIDENTAL","COMUNA":"01","LOCALIDAD":"USAQUEN"},
{"BARRIO":"SANTA ANA SUR","COMUNA":"04","LOCALIDAD":"SAN CRISTOBAL"},
{"BARRIO":"SANTA ANA USAQUEN","COMUNA":"01","LOCALIDAD":"USAQUEN"},
{"BARRIO":"SANTA BARBARA","COMUNA":"17","LOCALIDAD":"CANDELARIA"},
{"BARRIO":"SANTA BARBARA CENTRAL","COMUNA":"01","LOCALIDAD":"USAQUEN"},
{"BARRIO":"SANTA BARBARA OCCIDENTAL","COMUNA":"01","LOCALIDAD":"USAQUEN"},
{"BARRIO":"SANTA BARBARA ORIENTAL","COMUNA":"01","LOCALIDAD":"USAQUEN"},
{"BARRIO":"SANTA BIBIANA","COMUNA":"01","LOCALIDAD":"USAQUEN"},
{"BARRIO":"SANTA BIBIANA","COMUNA":"19","LOCALIDAD":"CIUDAD BOLIVAR"},
{"BARRIO":"SANTA CECILIA","COMUNA":"09","LOCALIDAD":"FONTIBON"},
{"BARRIO":"SANTA CECILIA","COMUNA":"10","LOCALIDAD":"ENGATIVA"},
{"BARRIO":"SANTA FE","COMUNA":"14","LOCALIDAD":"LOS MARTIRES"},
{"BARRIO":"SANTA FE DE BOSA","COMUNA":"07","LOCALIDAD":"BOSA"},
{"BARRIO":"SANTA HELENA","COMUNA":"11","LOCALIDAD":"SUBA"},
{"BARRIO":"SANTA HELENA I","COMUNA":"11","LOCALIDAD":"SUBA"},
{"BARRIO":"SANTA HELENITA","COMUNA":"10","LOCALIDAD":"ENGATIVA"},
{"BARRIO":"SANTA INES","COMUNA":"03","LOCALIDAD":"SANTA FE"},
{"BARRIO":"SANTA INES","COMUNA":"04","LOCALIDAD":"SAN CRISTOBAL"},
{"BARRIO":"SANTA ISABEL","COMUNA":"14","LOCALIDAD":"LOS MARTIRES"},
{"BARRIO":"SANTA ISABEL SUR","COMUNA":"14","LOCALIDAD":"LOS MARTIRES"},
{"BARRIO":"SANTA LIBRADA","COMUNA":"05","LOCALIDAD":"USME"},
{"BARRIO":"SANTA LIBRADA NORTE","COMUNA":"05","LOCALIDAD":"USME"},
{"BARRIO":"SANTA LUCIA","COMUNA":"18","LOCALIDAD":"RAFAEL URIBE"},
{"BARRIO":"SANTA MARIA","COMUNA":"04","LOCALIDAD":"SAN CRISTOBAL"},
{"BARRIO":"SANTA MARIA","COMUNA":"10","LOCALIDAD":"ENGATIVA"},
{"BARRIO":"SANTA MONICA","COMUNA":"10","LOCALIDAD":"ENGATIVA"},
{"BARRIO":"SANTA RITA SUR ORIENTAL","COMUNA":"04","LOCALIDAD":"SAN CRISTOBAL"},
{"BARRIO":"SANTA ROSA","COMUNA":"11","LOCALIDAD":"SUBA"},
{"BARRIO":"SANTA SOFIA","COMUNA":"12","LOCALIDAD":"BARRIOS UNIDOS"},
{"BARRIO":"SANTA TERESA","COMUNA":"01","LOCALIDAD":"USAQUEN"},
{"BARRIO":"SANTA TERESITA","COMUNA":"13","LOCALIDAD":"TEUSAQUILLO"},
{"BARRIO":"SANTAMATILDE","COMUNA":"16","LOCALIDAD":"PUENTE ARANDA"},
{"BARRIO":"SANTANDER","COMUNA":"15","LOCALIDAD":"ANTONIO NARINO"},
{"BARRIO":"SANTANDER SUR","COMUNA":"15","LOCALIDAD":"ANTONIO NARINO"},
{"BARRIO":"SANTIAGO PEREZ","COMUNA":"18","LOCALIDAD":"RAFAEL URIBE"},
{"BARRIO":"SAUCEDAL","COMUNA":"08","LOCALIDAD":"KENNEDY"},
{"BARRIO":"SEARS","COMUNA":"13","LOCALIDAD":"TEUSAQUILLO"},
{"BARRIO":"SENA","COMUNA":"15","LOCALIDAD":"ANTONIO NARINO"},
{"BARRIO":"SERRANIAS","COMUNA":"05","LOCALIDAD":"USME"},
{"BARRIO":"SERRANIAS","COMUNA":"05","LOCALIDAD":"USME"},
{"BARRIO":"SEVILLA","COMUNA":"15","LOCALIDAD":"ANTONIO NARINO"},
{"BARRIO":"SIETE DE AGOSTO","COMUNA":"12","LOCALIDAD":"BARRIOS UNIDOS"},
{"BARRIO":"SIMON BOLIVAR","COMUNA":"12","LOCALIDAD":"BARRIOS UNIDOS"},
{"BARRIO":"SN. ANTONIO ENGATIVA","COMUNA":"10","LOCALIDAD":"ENGATIVA"},
{"BARRIO":"SOCIEGO","COMUNA":"04","LOCALIDAD":"SAN CRISTOBAL"},
{"BARRIO":"SOCIEGO SUR","COMUNA":"18","LOCALIDAD":"RAFAEL URIBE"},
{"BARRIO":"SORATAMA","COMUNA":"01","LOCALIDAD":"USAQUEN"},
{"BARRIO":"SOTAVENTO","COMUNA":"19","LOCALIDAD":"CIUDAD BOLIVAR"},
{"BARRIO":"STA CECILIA NTE PARTE ALT","COMUNA":"01","LOCALIDAD":"USAQUEN"},
{"BARRIO":"SUBA NARANJOS","COMUNA":"11","LOCALIDAD":"SUBA"},
{"BARRIO":"SUBA URBANO","COMUNA":"11","LOCALIDAD":"SUBA"},
{"BARRIO":"SUCRE","COMUNA":"02","LOCALIDAD":"CHAPINERO"},
{"BARRIO":"SUMAPAZ","COMUNA":"19","LOCALIDAD":"CIUDAD BOLIVAR"},
{"BARRIO":"SURAMERICA","COMUNA":"04","LOCALIDAD":"SAN CRISTOBAL"},
{"BARRIO":"TABORA","COMUNA":"10","LOCALIDAD":"ENGATIVA"},
{"BARRIO":"TAYRONA","COMUNA":"08","LOCALIDAD":"KENNEDY"},
{"BARRIO":"TECHO","COMUNA":"08","LOCALIDAD":"KENNEDY"},
{"BARRIO":"TERMINAL DE TRANSPORTES","COMUNA":"09","LOCALIDAD":"FONTIBON"},
{"BARRIO":"TEUSAQUILLO","COMUNA":"13","LOCALIDAD":"TEUSAQUILLO"},
{"BARRIO":"TIBABITA","COMUNA":"01","LOCALIDAD":"USAQUEN"},
{"BARRIO":"TIBABITA","COMUNA":"01","LOCALIDAD":"USAQUEN"},
{"BARRIO":"TIBABUYES","COMUNA":"11","LOCALIDAD":"SUBA"},
{"BARRIO":"TIBABUYES","COMUNA":"11","LOCALIDAD":"SUBA"},
{"BARRIO":"TIBABUYES OCCIDENTAL","COMUNA":"11","LOCALIDAD":"SUBA"},
{"BARRIO":"TIBABUYES UNIVERSAL","COMUNA":"11","LOCALIDAD":"SUBA"},
{"BARRIO":"TIBANA","COMUNA":"16","LOCALIDAD":"PUENTE ARANDA"},
{"BARRIO":"TIBAQUE SUR","COMUNA":"05","LOCALIDAD":"USME"},
{"BARRIO":"TIMIZA","COMUNA":"08","LOCALIDAD":"KENNEDY"},
{"BARRIO":"TIMIZA A","COMUNA":"08","LOCALIDAD":"KENNEDY"},
{"BARRIO":"TIMIZA B","COMUNA":"08","LOCALIDAD":"KENNEDY"},
{"BARRIO":"TINTALITO","COMUNA":"08","LOCALIDAD":"KENNEDY"},
{"BARRIO":"TIVAQUE","COMUNA":"04","LOCALIDAD":"SAN CRISTOBAL"},
{"BARRIO":"TOBERIN","COMUNA":"01","LOCALIDAD":"USAQUEN"},
{"BARRIO":"TOCAIMITA","COMUNA":"05","LOCALIDAD":"USME"},
{"BARRIO":"TOCAIMITA","COMUNA":"05","LOCALIDAD":"USME"},
{"BARRIO":"TOCAREMA","COMUNA":"08","LOCALIDAD":"KENNEDY"},
{"BARRIO":"TORCA","COMUNA":"01","LOCALIDAD":"USAQUEN"},
{"BARRIO":"TOSCANA","COMUNA":"11","LOCALIDAD":"SUBA"},
{"BARRIO":"TTES DE COLOMBIA","COMUNA":"11","LOCALIDAD":"SUBA"},
{"BARRIO":"TUNA","COMUNA":"11","LOCALIDAD":"SUBA"},
{"BARRIO":"TUNA","COMUNA":"11","LOCALIDAD":"SUBA"},
{"BARRIO":"TUNA ALTA","COMUNA":"11","LOCALIDAD":"SUBA"},
{"BARRIO":"TUNDAMA","COMUNA":"08","LOCALIDAD":"KENNEDY"},
{"BARRIO":"TUNJUELITO","COMUNA":"05","LOCALIDAD":"USME"},
{"BARRIO":"TUNJUELITO","COMUNA":"06","LOCALIDAD":"TUNJUELITO"},
{"BARRIO":"UNICERRO","COMUNA":"01","LOCALIDAD":"USAQUEN"},
{"BARRIO":"URB. VILLAS DE LOS ALPES","COMUNA":"19","LOCALIDAD":"CIUDAD BOLIVAR"},
{"BARRIO":"USAQUEN","COMUNA":"01","LOCALIDAD":"USAQUEN"},
{"BARRIO":"USATAMA","COMUNA":"14","LOCALIDAD":"LOS MARTIRES"},
{"BARRIO":"USMINIA","COMUNA":"05","LOCALIDAD":"USME"},
{"BARRIO":"VELODROMO","COMUNA":"04","LOCALIDAD":"SAN CRISTOBAL"},
{"BARRIO":"VENECIA","COMUNA":"06","LOCALIDAD":"TUNJUELITO"},
{"BARRIO":"VENECIA OCCIDENTAL","COMUNA":"06","LOCALIDAD":"TUNJUELITO"},
{"BARRIO":"VERAGUAS","COMUNA":"14","LOCALIDAD":"LOS MARTIRES"},
{"BARRIO":"VERONA","COMUNA":"19","LOCALIDAD":"CIUDAD BOLIVAR"},
{"BARRIO":"VERSALLES-FONTIBON","COMUNA":"09","LOCALIDAD":"FONTIBON"},
{"BARRIO":"VIA A LA CALERA","COMUNA":"02","LOCALIDAD":"CHAPINERO"},
{"BARRIO":"VIA A LA CALERA","COMUNA":"02","LOCALIDAD":"CHAPINERO"},
{"BARRIO":"VICTORIA NORTE","COMUNA":"11","LOCALIDAD":"SUBA"},
{"BARRIO":"VILLA ALSACIA 2","COMUNA":"08","LOCALIDAD":"KENNEDY"},
{"BARRIO":"VILLA AMALIA","COMUNA":"10","LOCALIDAD":"ENGATIVA"},
{"BARRIO":"VILLA DE LOS ALPES","COMUNA":"04","LOCALIDAD":"SAN CRISTOBAL"},
{"BARRIO":"VILLA DE LOS ALPES II SEC","COMUNA":"04","LOCALIDAD":"SAN CRISTOBAL"},
{"BARRIO":"VILLA DEL MAR","COMUNA":"10","LOCALIDAD":"ENGATIVA"},
{"BARRIO":"VILLA DEL PRADO","COMUNA":"11","LOCALIDAD":"SUBA"},
{"BARRIO":"VILLA DEL RIO","COMUNA":"07","LOCALIDAD":"BOSA"},
{"BARRIO":"VILLA DIANA","COMUNA":"05","LOCALIDAD":"USME"},
{"BARRIO":"VILLA ELISA","COMUNA":"11","LOCALIDAD":"SUBA"},
{"BARRIO":"VILLA GLADYS","COMUNA":"10","LOCALIDAD":"ENGATIVA"},
{"BARRIO":"VILLA GLORIA","COMUNA":"19","LOCALIDAD":"CIUDAD BOLIVAR"},
{"BARRIO":"VILLA ISRAEL","COMUNA":"05","LOCALIDAD":"USME"},
{"BARRIO":"VILLA LUZ","COMUNA":"10","LOCALIDAD":"ENGATIVA"},
{"BARRIO":"VILLA MARIA","COMUNA":"11","LOCALIDAD":"SUBA"},
{"BARRIO":"VILLA MAYOR","COMUNA":"18","LOCALIDAD":"RAFAEL URIBE"},
{"BARRIO":"VILLA MAYOR ORIENTAL","COMUNA":"15","LOCALIDAD":"ANTONIO NARINO"},
{"BARRIO":"VILLABEL","COMUNA":"04","LOCALIDAD":"SAN CRISTOBAL"},
{"BARRIO":"VILLAS DE GRANADA","COMUNA":"10","LOCALIDAD":"ENGATIVA"},
{"BARRIO":"VILLAS DE GRANADA I","COMUNA":"10","LOCALIDAD":"ENGATIVA"},
{"BARRIO":"VILLAS DEL DIAMANTE","COMUNA":"19","LOCALIDAD":"CIUDAD BOLIVAR"},
{"BARRIO":"VILLAS DEL PROGRESO","COMUNA":"07","LOCALIDAD":"BOSA"},
{"BARRIO":"VILLEMAR FONTIBON","COMUNA":"09","LOCALIDAD":"FONTIBON"},
{"BARRIO":"VIRREY","COMUNA":"05","LOCALIDAD":"USME"},
{"BARRIO":"VISION DE COLOMBIA","COMUNA":"08","LOCALIDAD":"KENNEDY"},
{"BARRIO":"VITELMA","COMUNA":"03","LOCALIDAD":"SANTA FE"},
{"BARRIO":"VOTO NACIONAL","COMUNA":"14","LOCALIDAD":"LOS MARTIRES"},
{"BARRIO":"WALESSA","COMUNA":"11","LOCALIDAD":"SUBA"},
{"BARRIO":"YOMASA","COMUNA":"05","LOCALIDAD":"USME"},
{"BARRIO":"YOMASA NORTE","COMUNA":"05","LOCALIDAD":"USME"}]